Category,Product,SKU,Stock,Price,Status,Size
T-Shirt,Choose Any 3 Tank Top And Get 5% Extra Off,TB-05-003,0.0,0.0,Instock,
T-Shirt,Choose Any 5 Tank Top And Get 10% Extra Off,TB-05-002,0.0,0.0,Instock,
Wallet,Chocolate Bifold Wallet,109-0102-074,8.0,699.0,Instock,
Wallet,Green Bifold Wallet,109-0102-073,7.0,699.0,Instock,
Wallet,Black Bifold Wallet,109-0102-072,10.0,699.0,Instock,
Wallet,Green Leather Long Wallet,109-0101-048,3.0,1299.0,Instock,
Belt,Black Premium Leather Belt,109-0402-058,6.0,950.0,Instock,
Belt,Chocolate Premium Leather Belt,109-0402-057,6.0,950.0,Instock,
Belt,Chocolate Premium Leather Belt,109-0402-054,7.0,950.0,Instock,
Belt,Chocolate Premium Leather Belt,109-0402-051,7.0,990.0,Instock,
Belt,Chocolate Premium Leather Belt,109-0402-050,1.0,990.0,Instock,
Belt,Chocolate Premium Leather Belt,109-0402-046,3.0,950.0,Instock,
Wallet,Compact Genuine Leather Card Holder,109-0104-002,6.0,590.0,Instock,
Wallet,Compact Genuine Leather Card Holder,109-0104-003,3.0,590.0,Instock,
Wallet,Compact Genuine Leather Card Holder,109-0104-004,3.0,590.0,Instock,
Wallet,Compact Genuine Leather Card Holder,109-0104-006,4.0,690.0,Instock,
Wallet,Compact Genuine Leather Card Holder,109-0104-005,4.0,690.0,Instock,
Wallet,Black Leather Long Zipper Wallet,109-0101-052,4.0,1349.0,Instock,
Wallet,Chocolate Leather Long Zipper Wallet,109-0101-051,6.0,1349.0,Instock,
Wallet,Chocolate Leather Long Wallet,109-0101-050,4.0,1299.0,Instock,
Wallet,Black Leather Long Wallet,109-0101-049,4.0,1299.0,Instock,
Wallet,Black Bifold Wallet,109-0102-071,8.0,750.0,Instock,
Wallet,Chocolate Bifold Wallet,109-0102-070,8.0,750.0,Instock,
Wallet,Chocolate Bifold Leather Wallet,109-0102-069,5.0,850.0,Instock,
Wallet,Brown Bifold Leather Wallet,109-0102-064,9.0,950.0,Instock,
Wallet,Black Bifold Leather Wallet,109-0102-063,8.0,950.0,Instock,
Belt,Black Premium Leather Belt,109-0402-061,4.0,990.0,Instock,
Belt,Chocolate Premium Leather Belt,109-0402-060,0.0,990.0,Outofstock,
Belt,Mocha Premium Leather Belt,109-0402-056,5.0,950.0,Instock,
Belt,Mocha Premium Leather Belt,109-0402-055,2.0,950.0,Instock,
Belt,Chocolate Premium Leather Belt,109-0402-052,1.0,990.0,Instock,
Belt,Black Premium Leather Belt,109-0402-049,2.0,990.0,Instock,
Belt,Black Premium Leather Belt,109-0402-048,4.0,990.0,Instock,
Wallet,Executive Brown Leather Card Holder,109-0104-001,6.0,590.0,Instock,
Belt,Brown Premium Leather Belt,109-0402-047,4.0,950.0,Instock,
Belt,Brown Premium Leather Belt,109-0402-045,3.0,950.0,Instock,
Belt,Brown Premium Leather Belt,109-0402-044,7.0,990.0,Instock,
Belt,Brown Premium Leather Belt,109-0402-043,5.0,990.0,Instock,
Belt,Brown Premium Leather Belt,109-0402-042,1.0,990.0,Instock,
Belt,Black Genuine Leather Belt,109-0402-041,7.0,950.0,Instock,
Belt,Black Genuine Leather Belt,109-0402-040,3.0,950.0,Instock,
Belt,Black Genuine Leather Belt,109-0402-038,2.0,950.0,Instock,
Belt,Black Premium Leather Belt,109-0402-037,10.0,990.0,Instock,
Belt,Black Premium Leather Belt,109-0402-036,8.0,990.0,Instock,
Belt,Black Premium Leather Belt,109-0402-035,2.0,495.0,Instock,
Bundles,Tradition Meets Denim Bundle,JP-03-02,0.0,0.0,Instock,
Bundles,Heritage Style Bundle,JP-03-01,0.0,0.0,Instock,
Others,Double Denim Combo,TJB-03-4,0.0,0.0,Instock,
Others,Denim & Drop Combo,TJB-03-3,0.0,0.0,Instock,
Others,Casual Essentials Combo,TJB-03-02,0.0,0.0,Instock,
T-Shirt,Denim & Tee Power Pack,TJB-03-01,0.0,0.0,Instock,
Wallet,Choco Coinpocket Bifold Leather Wallet,109-0102-067,6.0,950.0,Instock,
Wallet,Sage Bifold Leather Wallet,109-0102-066,6.0,850.0,Instock,
Wallet,Plain Choco Bifold Leather Wallet,109-0102-065,0.0,850.0,Outofstock,
Wallet,Burgendy Leather Long Wallet,109-0101-045,4.0,1299.0,Instock,
Wallet,Black Leather Long Wallet,109-0101-046,4.0,1299.0,Instock,
Wallet,Plain Choco Leather Long Wallet,109-0101-047,4.0,1299.0,Instock,
Wallet,Gritty Black Multi-Chamber Bifold Wallet,109-0102-062,4.0,750.0,Instock,
Wallet,Gritty Brown Multi-Chamber Bifold Wallet,109-0102-061,2.0,750.0,Instock,
Wallet,Sage Multi-Chamber Bifold Wallet,109-0102-060,3.0,950.0,Instock,
Wallet,Rust Multi-Chamber Bifold Wallet,109-0102-059,3.0,950.0,Instock,
Wallet,Black Multi-Chamber Bifold Wallet,109-0102-058,2.0,950.0,Instock,
Wallet,Black Coinpocket Bifold Leather Wallet,109-0102-055,5.0,950.0,Instock,
Wallet,Polished Choco Bifold Leather Wallet,109-0102-053,5.0,900.0,Instock,
Wallet,Polished Black Bifold Leather Wallet,109-0102-052,4.0,900.0,Instock,
Wallet,Plain Brown Bifold Leather Wallet,109-0102-049,2.0,850.0,Instock,
Wallet,Burgendy Bifold Leather Wallet,109-0102-048,3.0,850.0,Instock,
Wallet,Plain Black Bifold Leather Wallet,109-0102-047,0.0,850.0,Outofstock,
T-Shirt,Choose Any 5 T-Shirts,TB-05-1,0.0,0.0,Instock,
T-Shirt,Choose Any 3 T-Shirts,TB-03-1,0.0,0.0,Instock,
T-Shirt,Choose Any 2 T-Shirts,TB-02-001,0.0,0.0,Instock,
Sweatshirt,Sweatshirt Trio,CB-110-108-13,0.0,0.0,Outofstock,
Sweatshirt,Sweatshirt Duo,CB-110-108-12,0.0,0.0,Outofstock,
Others,Off-White Sweat Combo,CB-110-108-01,0.0,0.0,Outofstock,
Others,Sweat Combo,CB-110-108-09,0.0,0.0,Outofstock,
Others,Maroon Sweat Combo,CB-110-108-06,0.0,0.0,Outofstock,
Others,Brown Sweat Combo,CB-110-108-05,0.0,0.0,Outofstock,
Others,Green Sweat Combo,CB-110-108-04,0.0,0.0,Outofstock,
Others,Sky Blue Sweat Combo,CB-110-108-03,0.0,0.0,Outofstock,
Others,Teal Sweat Combo,CB-110-108-08,0.0,0.0,Outofstock,
Others,Choco Sweat Combo,CB-110-108-07,0.0,0.0,Outofstock,
Belt,Black Leather Gear Belt,109-0401-143,0.0,549.5,Outofstock,
Belt,Reversible Leather Belt with Moving Buckle,109-0403-009,0.0,999.0,Outofstock,
Wallet,Indigo Navy Trifold Genuine Leather Wallet,109-0103-017,1.0,880.0,Instock,
Wallet,Chocolate Leather Long Wallet,109-0101-036,1.0,1299.0,Instock,
Wallet,Auburn Luxe Trifold Leather Wallet,109-0103-008,0.0,880.0,Outofstock,
Wallet,DEEN Bifold Leather Wallet,109-0102-029,0.0,799.0,Outofstock,
Wallet,Black Finish Leather Passport Holder,109-0303-001,1.0,799.0,Instock,
Wallet,Pebble Grain Leather Bi-fold Wallet,109-0102-039,0.0,799.0,Outofstock,
Belt,Reversible Leather Belt with Moving Buckle,109-0403-007,0.0,999.0,Outofstock,
Belt,Reversible Leather Belt with Moving Buckle,109-0403-005,0.0,999.0,Outofstock,
Wallet,Choco Leather Passport Holder,109-0303-005,4.0,440.0,Instock,
Belt,Black Premium Leather Belt,109-0401-185,0.0,474.5,Outofstock,
Belt,Black Leather Gear Belt,109-0401-179,0.0,549.5,Outofstock,
Wallet,DEEN Bifold Leather Wallet,109-0102-031,0.0,399.5,Outofstock,
Wallet,DEEN Genuine Leather Long Wallet,109-0101-002,0.0,574.5,Outofstock,
Leather Bag,Croco Dual Black  Executive Leather Bag,109-0301-018,0.0,4599.0,Outofstock,
Belt,Black Premium Leather Belt,109-0402-009,0.0,990.0,Outofstock,
Belt,Chocolate Premium Leather Belt,109-0402-015,0.0,990.0,Outofstock,
Belt,Chocolate Premium Leather Belt,109-0402-017,2.0,990.0,Instock,
Belt,Chocolate Premium Leather Belt,109-0402-020,0.0,990.0,Outofstock,
Belt,Chocolate Premium Leather Belt,109-0402-027,0.0,990.0,Outofstock,
Belt,Chocolate Premium Leather Belt,109-0402-028,0.0,990.0,Outofstock,
Belt,Reversible Leather Belt with Moving Buckle,109-0403-003,0.0,999.0,Outofstock,
Belt,Reversible Leather Belt with Moving Buckle,109-0403-006,0.0,999.0,Outofstock,
Belt,Chocolate Premium Leather Belt,109-0402-0018,1.0,990.0,Instock,
Belt,Chocolate Premium Leather Belt,109-0402-0013,1.0,990.0,Instock,
Belt,Black Premium Leather Belt,109-0402-006,0.0,990.0,Outofstock,
Belt,Chocolate Premium Leather Belt,109-0402-003,2.0,990.0,Instock,
Belt,Chocolate Premium Leather Belt,109-0402-002,1.0,990.0,Instock,
Belt,Black Leather Gear Belt,109-0401-159,0.0,1090.0,Outofstock,
Belt,Black Leather Gear Belt,109-0401-146,0.0,1090.0,Outofstock,
Belt,Black Leather Gear Belt,109-0401-133,0.0,1090.0,Outofstock,
Belt,Chocolate Leather Gear Belt,109-0401-125,0.0,1090.0,Outofstock,
Belt,Chocolate Leather Gear Belt,109-0401-120,0.0,1090.0,Outofstock,
Belt,Black Premium Leather Belt,109-0402-023,0.0,990.0,Outofstock,
Belt,Black Premium Leather Belt,109-0402-007,2.0,990.0,Instock,
Belt,Chocolate Premium Leather Belt,109-0402-022,1.0,990.0,Instock,
Belt,Chocolate Premium Leather Belt,109-0402-012,1.0,990.0,Instock,
Belt,Chocolate Premium Leather Belt,109-0402-021,1.0,990.0,Instock,
Belt,Black Premium Leather Belt,109-0402-011,0.0,990.0,Outofstock,
Belt,Reversible Leather Belt with Moving Buckle,109-0403-004,0.0,999.0,Outofstock,
Belt,Reversible Leather Belt with Moving Buckle,109-0403-001,0.0,999.0,Outofstock,
Wallet,Black Concealed Croco Leather Long Wallet,109-0101-041,0.0,1299.0,Outofstock,
Wallet,Muted Chocolate Leather Long Wallet,109-0101-039,0.0,1299.0,Outofstock,
Wallet,Fence Patterned Leather Long Wallet,109-0101-038,0.0,1249.0,Outofstock,
Belt,Black Leather Gear Belt,109-0401-152,0.0,1090.0,Outofstock,
Belt,Chocolate Leather Gear Belt,109-0401-127,0.0,1090.0,Outofstock,
Belt,Chocolate Leather Gear Belt,109-0401-124,0.0,1090.0,Outofstock,
Leather Bag,Sleek Maroon Executive Leather Bag,109-0301-019,0.0,4599.0,Outofstock,
Leather Bag,Dual Textured Executive Leather Bag,109-0301-016,3.0,4599.0,Instock,
Leather Bag,Croco Black Executive Leather Bag,109-0301-010,0.0,4199.0,Outofstock,
Leather Bag,Matte Maroon Executive Leather Bag,109-0301-011,0.0,4199.0,Outofstock,
Wallet,Navy Blue Leather Passport Holder,109-0303-004,4.0,880.0,Instock,
Wallet,Choco Defined Leather Passport Holder,109-0303-002,1.0,880.0,Instock,
Leather Bag,Classic Maroon Executive Leather Bag,109-0301-015,0.0,4199.0,Outofstock,
Leather Bag,Black Finish Executive Leather Bag,109-0301-014,1.0,4199.0,Instock,
Wallet,Plain Black Trifold Genuine Leather Wallet,109-0103-016,0.0,880.0,Outofstock,
Wallet,Muted Chocolate Leather Long Wallet,109-0101-034,0.0,1149.0,Outofstock,
Leather Bag,Matte Black Executive Leather Bag,109-0301-012,0.0,4199.0,Outofstock,
Wallet,Crocodile Rustic Leather Coin Pocket Long Wallet,109-0101-027,1.0,1249.0,Instock,
Wallet,Crocodile Black Leather Coin Pocket Long Wallet,109-0101-025,1.0,1249.0,Instock,
Wallet,Rustic Classic Leather Coin Pocket Long Wallet,109-0101-043,0.0,1299.0,Outofstock,
Wallet,Black Leather Coin Pocket Long Wallet,109-0101-037,1.0,1299.0,Instock,
Wallet,Croco Pattern Leather Long Wallet,109-0101-030,0.0,1149.0,Outofstock,
Wallet,Brown Zipper Pocket Leather Long Wallet,109-0101-029,0.0,1249.0,Outofstock,
Wallet,Chocolate Coin Pocket Leather Long Wallet,109-0101-028,0.0,1299.0,Outofstock,
Wallet,Croco pattern Leather Long Wallet,109-0101-022,1.0,1299.0,Instock,
Wallet,Dual Drift Brown Leather Long Wallet,109-0101-021,1.0,1299.0,Instock,
Wallet,Brick Toned Leather Trifold Wallet,109-0103-012,1.0,880.0,Instock,
Wallet,Black Perforated Leather Trifold Wallet,109-0103-010,2.0,880.0,Instock,
Wallet,Dual Drift Brown Leather Long Wallet,109-0101-018,0.0,1299.0,Outofstock,
Wallet,Croco pattern Leather Long Wallet,109-0101-017,0.0,1299.0,Outofstock,
Wallet,Reddish-brown Crest Leather Long Wallet,109-0101-016,0.0,1149.0,Outofstock,
Wallet,Dual Drift Black Leather Long Wallet,109-0101-015,0.0,1249.0,Outofstock,
Wallet,Indigo Ridge Leather Long Wallet,109-0101-014,0.0,1149.0,Outofstock,
Wallet,Dual Drift Leather Long Wallet,109-0101-013,0.0,1299.0,Outofstock,
Wallet,Muted Maroon Leather Long Wallet,109-0101-012,0.0,1149.0,Outofstock,
Wallet,Rustic Classic Leather Long Wallet,109-0101-011,1.0,1149.0,Instock,
T-Shirt,Steel River Leather Long Wallet,109-0101-010,0.0,1149.0,Outofstock,
Wallet,Crocodile Embossed Leather Long Wallet,109-0101-024,3.0,1149.0,Instock,
Wallet,Crocodile Texture Leather Long Wallet,109-0101-026,1.0,1249.0,Instock,
Wallet,DEEN Trifold Genuine Leather Wallet,109-0103-001,8.0,849.0,Instock,
Wallet,DEEN Bifold Leather Wallet,109-0102-027,0.0,799.0,Outofstock,
Wallet,DEEN Trifold Genuine Leather Wallet,109-0103-003,9.0,849.0,Instock,
Wallet,DEEN Trifold Genuine Leather Wallet,109-0103-002,2.0,849.0,Instock,
Wallet,DEEN Trifold Genuine Leather Wallet,109-0103-004,5.0,849.0,Instock,
Wallet,DEEN Genuine Leather Wallet,109-0102-017,0.0,799.0,Outofstock,
Belt,Black Leather Moving Belt,109-0401-176,0.0,999.0,Outofstock,
Wallet,DEEN Trifold Genuine Leather Wallet,109-0103-006,9.0,849.0,Instock,
Mask,Breathable Face Mask,109-0502-001,299.0,280.0,Instock,
Wallet,DEEN Genuine Leather Long Wallet,109-0101-006,1.0,1299.0,Instock,
Wallet,DEEN Genuine Leather Long Wallet,109-0101-005,2.0,1299.0,Instock,
Wallet,DEEN Genuine Leather Long Wallet,109-0101-009,0.0,1299.0,Outofstock,
Water Bottle,Durable Aluminum Water Bottle 600 ml.,109-0501-001,43.0,399.0,Instock,
FS Shirt,Blue Horizon Executive Formal Shirt - 3XL,102-0501-006,7.0,1350.0,Instock,3XL
FS Shirt,Blue Horizon Executive Formal Shirt - 2XL,102-0501-006,10.0,1350.0,Instock,2XL
FS Shirt,Blue Horizon Executive Formal Shirt - XL,102-0501-006,16.0,1350.0,Instock,XL
FS Shirt,Blue Horizon Executive Formal Shirt - L,102-0501-006,26.0,1350.0,Instock,L
FS Shirt,Blue Horizon Executive Formal Shirt - M,102-0501-006,9.0,1350.0,Instock,M
FS Shirt,Light Blue Executive Formal Shirt - 3XL,102-0501-004,12.0,1590.0,Instock,3XL
FS Shirt,Light Blue Executive Formal Shirt - 2XL,102-0501-004,10.0,1590.0,Instock,2XL
FS Shirt,Light Blue Executive Formal Shirt - XL,102-0501-004,22.0,1590.0,Instock,XL
FS Shirt,Light Blue Executive Formal Shirt - L,102-0501-004,28.0,1590.0,Instock,L
FS Shirt,Light Blue Executive Formal Shirt - M,102-0501-004,12.0,1590.0,Instock,M
FS Shirt,Classic Stripe Executive Formal Shirt - 3XL,102-0501-003,16.0,1490.0,Instock,3XL
FS Shirt,Classic Stripe Executive Formal Shirt - 2XL,102-0501-003,32.0,1490.0,Instock,2XL
FS Shirt,Classic Stripe Executive Formal Shirt - XL,102-0501-003,44.0,1490.0,Instock,XL
FS Shirt,Classic Stripe Executive Formal Shirt - L,102-0501-003,59.0,1490.0,Instock,L
FS Shirt,Classic Stripe Executive Formal Shirt - M,102-0501-003,31.0,1490.0,Instock,M
Panjabi,Embroidered Cotton Panjabi - 44,106-0101-065,0.0,999.0,Outofstock,44
Panjabi,Embroidered Cotton Panjabi - 42,106-0101-065,0.0,999.0,Outofstock,42
Panjabi,Embroidered Cotton Panjabi - 40,106-0101-065,0.0,999.0,Outofstock,40
T-Shirt,Sable Relaxed Graphic Tank Top - 3XL,105-0401-005,9.0,540.0,Instock,3XL
T-Shirt,Sable Relaxed Graphic Tank Top - 2XL,105-0401-005,27.0,540.0,Instock,2XL
T-Shirt,Sable Relaxed Graphic Tank Top - XL,105-0401-005,28.0,540.0,Instock,XL
T-Shirt,Sable Relaxed Graphic Tank Top - L,105-0401-005,52.0,540.0,Instock,L
T-Shirt,Sable Relaxed Graphic Tank Top - M,105-0401-005,18.0,540.0,Instock,M
T-Shirt,City Code Print Drop Shoulder T-Shirt - 3XL,105-0301-006,9.0,840.0,Instock,3XL
T-Shirt,City Code Print Drop Shoulder T-Shirt - 2XL,105-0301-006,16.0,840.0,Instock,2XL
T-Shirt,City Code Print Drop Shoulder T-Shirt - XL,105-0301-006,16.0,840.0,Instock,XL
T-Shirt,City Code Print Drop Shoulder T-Shirt - L,105-0301-006,26.0,840.0,Instock,L
T-Shirt,City Code Print Drop Shoulder T-Shirt - M,105-0301-006,11.0,840.0,Instock,M
FS Shirt,White Print Executive Formal Shirt - 3XL,102-0501-009,4.0,1350.0,Instock,3XL
FS Shirt,White Print Executive Formal Shirt - 2XL,102-0501-009,6.0,1350.0,Instock,2XL
FS Shirt,White Print Executive Formal Shirt - XL,102-0501-009,16.0,1350.0,Instock,XL
FS Shirt,White Print Executive Formal Shirt - L,102-0501-009,23.0,1350.0,Instock,L
FS Shirt,White Print Executive Formal Shirt - M,102-0501-009,7.0,1350.0,Instock,M
T-Shirt,Forest Claw Graphic Drop Shoulder T-Shirt - 3XL,105-0301-007,9.0,790.0,Instock,3XL
T-Shirt,Forest Claw Graphic Drop Shoulder T-Shirt - 2XL,105-0301-007,27.0,790.0,Instock,2XL
T-Shirt,Forest Claw Graphic Drop Shoulder T-Shirt - XL,105-0301-007,39.0,790.0,Instock,XL
T-Shirt,Forest Claw Graphic Drop Shoulder T-Shirt - L,105-0301-007,58.0,790.0,Instock,L
T-Shirt,Forest Claw Graphic Drop Shoulder T-Shirt - M,105-0301-007,26.0,790.0,Instock,M
Jeans,Grey Jeans - Slim Fit - 38,101-0100-134,16.0,795.0,Instock,38
Jeans,Grey Jeans - Slim Fit - 36,101-0100-134,13.0,795.0,Instock,36
Jeans,Grey Jeans - Slim Fit - 34,101-0100-134,25.0,795.0,Instock,34
Jeans,Grey Jeans - Slim Fit - 32,101-0100-134,2.0,795.0,Instock,32
Jeans,Grey Jeans - Slim Fit - 30,101-0100-134,33.0,795.0,Instock,30
Jeans,Grey Jeans - Slim Fit - 28,101-0100-134,50.0,795.0,Instock,28
FS Shirt,Indigo Executive Formal Shirt - 3XL,102-0501-010,4.0,1190.0,Instock,3XL
FS Shirt,Indigo Executive Formal Shirt - 2XL,102-0501-010,3.0,1190.0,Instock,2XL
FS Shirt,Indigo Executive Formal Shirt - XL,102-0501-010,9.0,1190.0,Instock,XL
FS Shirt,Indigo Executive Formal Shirt - L,102-0501-010,10.0,1190.0,Instock,L
FS Shirt,Indigo Executive Formal Shirt - M,102-0501-010,4.0,1190.0,Instock,M
T-Shirt,Full Sleeve Neon Stripe T-shirt - 3XL,105-0201-033,2.0,364.0,Instock,3XL
T-Shirt,Full Sleeve Neon Stripe T-shirt - 2XL,105-0201-033,0.0,364.0,Outofstock,2XL
T-Shirt,Full Sleeve Neon Stripe T-shirt - XL,105-0201-033,21.0,364.0,Instock,XL
T-Shirt,Full Sleeve Neon Stripe T-shirt - L,105-0201-033,12.0,364.0,Instock,L
T-Shirt,Full Sleeve Neon Stripe T-shirt - M,105-0201-033,3.0,364.0,Instock,M
T-Shirt,Full Sleeve Side-Stripe T-shirt - 3XL,105-0201-037,16.0,364.0,Instock,3XL
T-Shirt,Full Sleeve Side-Stripe T-shirt - 2XL,105-0201-037,7.0,364.0,Instock,2XL
T-Shirt,Full Sleeve Side-Stripe T-shirt - XL,105-0201-037,28.0,364.0,Instock,XL
T-Shirt,Full Sleeve Side-Stripe T-shirt - L,105-0201-037,29.0,364.0,Instock,L
T-Shirt,Full Sleeve Side-Stripe T-shirt - M,105-0201-037,5.0,364.0,Instock,M
T-Shirt,Full Sleeve White Stripe T-shirt - 3XL,105-0201-032,2.0,364.0,Instock,3XL
T-Shirt,Full Sleeve White Stripe T-shirt - 2XL,105-0201-032,5.0,364.0,Instock,2XL
T-Shirt,Full Sleeve White Stripe T-shirt - XL,105-0201-032,12.0,364.0,Instock,XL
T-Shirt,Full Sleeve White Stripe T-shirt - L,105-0201-032,11.0,364.0,Instock,L
T-Shirt,Full Sleeve White Stripe T-shirt - M,105-0201-032,0.0,364.0,Outofstock,M
FS Shirt,Pearl White Checker Plaid Flannel Shirt - 3XL,102-0302-054,0.0,499.0,Outofstock,3XL
FS Shirt,Pearl White Checker Plaid Flannel Shirt - 2XL,102-0302-054,2.0,499.0,Instock,2XL
FS Shirt,Pearl White Checker Plaid Flannel Shirt - XL,102-0302-054,0.0,499.0,Outofstock,XL
FS Shirt,Pearl White Checker Plaid Flannel Shirt - L,102-0302-054,2.0,499.0,Instock,L
FS Shirt,Pearl White Checker Plaid Flannel Shirt - M,102-0302-054,0.0,499.0,Outofstock,M
Trousers,Sky Blue Trousers - 2XL,110-0101-010,11.0,499.0,Instock,2XL
Trousers,Sky Blue Trousers - XL,110-0101-010,28.0,499.0,Instock,XL
Trousers,Sky Blue Trousers - L,110-0101-010,65.0,499.0,Instock,L
Trousers,Sky Blue Trousers - M,110-0101-010,12.0,499.0,Instock,M
Trousers,Green Trousers - 2XL,110-0101-011,0.0,499.0,Outofstock,2XL
Trousers,Green Trousers - XL,110-0101-011,9.0,499.0,Instock,XL
Trousers,Green Trousers - L,110-0101-011,42.0,499.0,Instock,L
Trousers,Green Trousers - M,110-0101-011,0.0,499.0,Outofstock,M
T-Shirt,Full Sleeve Trio-Tone T-shirt - 3XL,105-0201-031,3.0,364.0,Instock,3XL
T-Shirt,Full Sleeve Trio-Tone T-shirt - 2XL,105-0201-031,7.0,364.0,Instock,2XL
T-Shirt,Full Sleeve Trio-Tone T-shirt - XL,105-0201-031,17.0,364.0,Instock,XL
T-Shirt,Full Sleeve Trio-Tone T-shirt - L,105-0201-031,11.0,364.0,Instock,L
T-Shirt,Full Sleeve Trio-Tone T-shirt - M,105-0201-031,10.0,364.0,Instock,M
Trousers,Maroon Trousers - 2XL,110-0101-013,7.0,499.0,Instock,2XL
Trousers,Maroon Trousers - XL,110-0101-013,26.0,499.0,Instock,XL
Trousers,Maroon Trousers - L,110-0101-013,50.0,499.0,Instock,L
Trousers,Maroon Trousers - M,110-0101-013,7.0,499.0,Instock,M
T-Shirt,Full Sleeve Black T-shirt - 3XL,105-0201-029,12.0,364.0,Instock,3XL
T-Shirt,Full Sleeve Black T-shirt - 2XL,105-0201-029,14.0,364.0,Instock,2XL
T-Shirt,Full Sleeve Black T-shirt - XL,105-0201-029,28.0,364.0,Instock,XL
T-Shirt,Full Sleeve Black T-shirt - L,105-0201-029,23.0,364.0,Instock,L
T-Shirt,Full Sleeve Black T-shirt - M,105-0201-029,5.0,364.0,Instock,M
Trousers,Off-white Trousers - 2XL,110-0101-008,10.0,499.0,Instock,2XL
Trousers,Off-white Trousers - XL,110-0101-008,18.0,499.0,Instock,XL
Trousers,Off-white Trousers - L,110-0101-008,48.0,499.0,Instock,L
Trousers,Off-white Trousers - M,110-0101-008,0.0,499.0,Outofstock,M
Sweatshirt,Black Sweatshirt in French-Terry - 3XL,108-0101-007,3.0,494.0,Instock,3XL
Sweatshirt,Black Sweatshirt in French-Terry - 2XL,108-0101-007,0.0,494.0,Outofstock,2XL
Sweatshirt,Black Sweatshirt in French-Terry - XL,108-0101-007,0.0,494.0,Outofstock,XL
Sweatshirt,Black Sweatshirt in French-Terry - L,108-0101-007,0.0,494.0,Outofstock,L
Sweatshirt,Black Sweatshirt in French-Terry - M,108-0101-007,0.0,494.0,Outofstock,M
Panjabi,Embroidered Cotton Panjabi - 46,106-0101-071,0.0,1099.0,Outofstock,46
Panjabi,Embroidered Cotton Panjabi - 44,106-0101-071,0.0,1099.0,Outofstock,44
Panjabi,Embroidered Cotton Panjabi - 42,106-0101-071,0.0,1099.0,Outofstock,42
Panjabi,Embroidered Cotton Panjabi - 40,106-0101-071,0.0,1099.0,Outofstock,40
Sweatshirt,Sky Blue Sweatshirt in French-Terry - 3XL,108-0101-012,0.0,494.0,Outofstock,3XL
Sweatshirt,Sky Blue Sweatshirt in French-Terry - 2XL,108-0101-012,12.0,494.0,Instock,2XL
Sweatshirt,Sky Blue Sweatshirt in French-Terry - XL,108-0101-012,2.0,494.0,Instock,XL
Sweatshirt,Sky Blue Sweatshirt in French-Terry - L,108-0101-012,13.0,494.0,Instock,L
Sweatshirt,Sky Blue Sweatshirt in French-Terry - M,108-0101-012,1.0,494.0,Instock,M
T-Shirt,Black Versatile Active Wear - 3XL,111-0101-003,0.0,274.0,Outofstock,3XL
T-Shirt,Black Versatile Active Wear - 2XL,111-0101-003,0.0,274.0,Outofstock,2XL
T-Shirt,Black Versatile Active Wear - XL,111-0101-003,0.0,274.0,Outofstock,XL
T-Shirt,Black Versatile Active Wear - L,111-0101-003,0.0,274.0,Outofstock,L
T-Shirt,Black Versatile Active Wear - M,111-0101-003,0.0,274.0,Outofstock,M
Panjabi,Embroidered Cotton Panjabi - 46,106-0101-032,0.0,1099.0,Outofstock,46
Panjabi,Embroidered Cotton Panjabi - 44,106-0101-032,0.0,1099.0,Outofstock,44
Panjabi,Embroidered Cotton Panjabi - 42,106-0101-032,0.0,1099.0,Outofstock,42
Panjabi,Embroidered Cotton Panjabi - 40,106-0101-032,0.0,1099.0,Outofstock,40
Sweatshirt,Maroon Sweatshirt in French-Terry - 3XL,108-0101-009,4.0,494.0,Instock,3XL
Sweatshirt,Maroon Sweatshirt in French-Terry - 2XL,108-0101-009,0.0,494.0,Outofstock,2XL
Sweatshirt,Maroon Sweatshirt in French-Terry - XL,108-0101-009,6.0,494.0,Instock,XL
Sweatshirt,Maroon Sweatshirt in French-Terry - L,108-0101-009,14.0,494.0,Instock,L
Sweatshirt,Maroon Sweatshirt in French-Terry - M,108-0101-009,4.0,494.0,Instock,M
Panjabi,Embroidered Cotton Panjabi - 46,106-0101-031,0.0,1099.0,Outofstock,46
Panjabi,Embroidered Cotton Panjabi - 44,106-0101-031,0.0,1099.0,Outofstock,44
Panjabi,Embroidered Cotton Panjabi - 42,106-0101-031,0.0,1099.0,Outofstock,42
Panjabi,Embroidered Cotton Panjabi - 40,106-0101-031,0.0,1099.0,Outofstock,40
FS Shirt,Dark Blue Denim Shirt - 3XL,102-0402-032,1.0,474.0,Instock,3XL
FS Shirt,Dark Blue Denim Shirt - 2XL,102-0402-032,34.0,474.0,Instock,2XL
FS Shirt,Dark Blue Denim Shirt - XL,102-0402-032,53.0,474.0,Instock,XL
FS Shirt,Dark Blue Denim Shirt - L,102-0402-032,63.0,474.0,Instock,L
FS Shirt,Dark Blue Denim Shirt - M,102-0402-032,0.0,474.0,Outofstock,M
FS Shirt,Ocean Blue Plaid Flannel Shirt - 3XL,102-0302-039,0.0,474.0,Outofstock,3XL
FS Shirt,Ocean Blue Plaid Flannel Shirt - 2XL,102-0302-039,0.0,474.0,Outofstock,2XL
FS Shirt,Ocean Blue Plaid Flannel Shirt - XL,102-0302-039,0.0,474.0,Outofstock,XL
FS Shirt,Ocean Blue Plaid Flannel Shirt - L,102-0302-039,0.0,474.0,Outofstock,L
FS Shirt,Ocean Blue Plaid Flannel Shirt - M,102-0302-039,0.0,474.0,Outofstock,M
FS Shirt,Charcoal Grid Flannel Shirt - 3XL,102-0302-035,0.0,474.0,Outofstock,3XL
FS Shirt,Charcoal Grid Flannel Shirt - 2XL,102-0302-035,0.0,474.0,Outofstock,2XL
FS Shirt,Charcoal Grid Flannel Shirt - XL,102-0302-035,0.0,474.0,Outofstock,XL
FS Shirt,Charcoal Grid Flannel Shirt - L,102-0302-035,0.0,474.0,Outofstock,L
FS Shirt,Charcoal Grid Flannel Shirt - M,102-0302-035,0.0,474.0,Outofstock,M
T-Shirt,Ash Versatile Active Wear - 3XL,111-0101-002,0.0,274.0,Outofstock,3XL
T-Shirt,Ash Versatile Active Wear - 2XL,111-0101-002,0.0,274.0,Outofstock,2XL
T-Shirt,Ash Versatile Active Wear - XL,111-0101-002,0.0,274.0,Outofstock,XL
T-Shirt,Ash Versatile Active Wear - L,111-0101-002,0.0,274.0,Outofstock,L
T-Shirt,Ash Versatile Active Wear - M,111-0101-002,0.0,274.0,Outofstock,M
Panjabi,Embroidered Cotton Panjabi - 44,106-0101-079,0.0,1258.6,Outofstock,44
Panjabi,Embroidered Cotton Panjabi - 42,106-0101-079,0.0,1258.6,Outofstock,42
Panjabi,Embroidered Cotton Panjabi - 40,106-0101-079,0.0,1258.6,Outofstock,40
Panjabi,Embroidered Cotton Panjabi - 44,106-0101-064,0.0,1538.6,Outofstock,44
Panjabi,Embroidered Cotton Panjabi - 42,106-0101-064,0.0,1538.6,Outofstock,42
Panjabi,Embroidered Cotton Panjabi - 40,106-0101-064,0.0,1538.6,Outofstock,40
Panjabi,Embroidered Cotton Panjabi - 46,106-0101-088,0.0,1764.0,Outofstock,46
Panjabi,Embroidered Cotton Panjabi - 44,106-0101-088,0.0,1764.0,Outofstock,44
Panjabi,Embroidered Cotton Panjabi - 42,106-0101-088,0.0,1764.0,Outofstock,42
Panjabi,Embroidered Cotton Panjabi - 40,106-0101-088,0.0,1764.0,Outofstock,40
Panjabi,Embroidered Cotton Panjabi - 46,106-0101-099,0.0,1080.0,Outofstock,46
Panjabi,Embroidered Cotton Panjabi - 44,106-0101-099,0.0,1080.0,Outofstock,44
Panjabi,Embroidered Cotton Panjabi - 42,106-0101-099,0.0,1080.0,Outofstock,42
Panjabi,Embroidered Cotton Panjabi - 40,106-0101-099,1.0,1080.0,Instock,40
T-Shirt,Dark Ash Versatile Active Wear - 3XL,111-0101-005,8.0,274.0,Instock,3XL
T-Shirt,Dark Ash Versatile Active Wear - 2XL,111-0101-005,8.0,274.0,Instock,2XL
T-Shirt,Dark Ash Versatile Active Wear - XL,111-0101-005,5.0,274.0,Instock,XL
T-Shirt,Dark Ash Versatile Active Wear - L,111-0101-005,6.0,274.0,Instock,L
T-Shirt,Dark Ash Versatile Active Wear - M,111-0101-005,6.0,274.0,Instock,M
T-Shirt,Dark Grey Versatile Active Wear - 3XL,111-0101-004,0.0,274.0,Outofstock,3XL
T-Shirt,Dark Grey Versatile Active Wear - 2XL,111-0101-004,0.0,274.0,Outofstock,2XL
T-Shirt,Dark Grey Versatile Active Wear - XL,111-0101-004,0.0,274.0,Outofstock,XL
T-Shirt,Dark Grey Versatile Active Wear - L,111-0101-004,0.0,274.0,Outofstock,L
T-Shirt,Dark Grey Versatile Active Wear - M,111-0101-004,0.0,274.0,Outofstock,M
Trousers,Light Grey Check Trousers – Regular Fit - 2XL,110-0101-007,0.0,499.0,Outofstock,2XL
Trousers,Light Grey Check Trousers – Regular Fit - XL,110-0101-007,0.0,499.0,Outofstock,XL
Trousers,Light Grey Check Trousers – Regular Fit - L,110-0101-007,0.0,499.0,Outofstock,L
Trousers,Light Grey Check Trousers – Regular Fit - M,110-0101-007,0.0,499.0,Outofstock,M
HS Shirt,Dobby Cotton Shirt - Regular Fit - 3XL,102-0102-021,0.0,399.0,Outofstock,3XL
HS Shirt,Dobby Cotton Shirt - Regular Fit - 2XL,102-0102-021,0.0,399.0,Outofstock,2XL
HS Shirt,Dobby Cotton Shirt - Regular Fit - XL,102-0102-021,0.0,399.0,Outofstock,XL
HS Shirt,Dobby Cotton Shirt - Regular Fit - L,102-0102-021,0.0,399.0,Outofstock,L
HS Shirt,Dobby Cotton Shirt - Regular Fit - M,102-0102-021,2.0,399.0,Instock,M
T-Shirt,Grey Versatile Active Wear - 3XL,111-0101-001,0.0,274.0,Outofstock,3XL
T-Shirt,Grey Versatile Active Wear - 2XL,111-0101-001,0.0,274.0,Outofstock,2XL
T-Shirt,Grey Versatile Active Wear - XL,111-0101-001,0.0,274.0,Outofstock,XL
T-Shirt,Grey Versatile Active Wear - L,111-0101-001,0.0,274.0,Outofstock,L
T-Shirt,Grey Versatile Active Wear - M,111-0101-001,0.0,274.0,Outofstock,M
Panjabi,Embroidered Cotton Panjabi - 46,106-0101-098,0.0,1080.0,Outofstock,46
Panjabi,Embroidered Cotton Panjabi - 44,106-0101-098,0.0,1080.0,Outofstock,44
Panjabi,Embroidered Cotton Panjabi - 42,106-0101-098,0.0,1080.0,Outofstock,42
Panjabi,Embroidered Cotton Panjabi - 40,106-0101-098,0.0,1080.0,Outofstock,40
Panjabi,Embroidered Cotton Panjabi - 46,106-0101-097,0.0,1080.0,Outofstock,46
Panjabi,Embroidered Cotton Panjabi - 44,106-0101-097,0.0,1080.0,Outofstock,44
Panjabi,Embroidered Cotton Panjabi - 42,106-0101-097,0.0,1080.0,Outofstock,42
Panjabi,Embroidered Cotton Panjabi - 40,106-0101-097,2.0,1080.0,Instock,40
Panjabi,Embroidered Cotton Panjabi - 46,106-0101-092,0.0,1080.0,Outofstock,46
Panjabi,Embroidered Cotton Panjabi - 44,106-0101-092,0.0,1080.0,Outofstock,44
Panjabi,Embroidered Cotton Panjabi - 42,106-0101-092,0.0,1080.0,Outofstock,42
Panjabi,Embroidered Cotton Panjabi - 40,106-0101-092,0.0,1080.0,Outofstock,40
Panjabi,Embroidered Cotton Panjabi - 46,106-0101-100,0.0,1302.0,Outofstock,46
Panjabi,Embroidered Cotton Panjabi - 44,106-0101-100,0.0,1302.0,Outofstock,44
Panjabi,Embroidered Cotton Panjabi - 42,106-0101-100,0.0,1302.0,Outofstock,42
Panjabi,Embroidered Cotton Panjabi - 40,106-0101-100,0.0,1302.0,Outofstock,40
Panjabi,Embroidered Cotton Panjabi - 46,106-0101-090,0.0,1080.0,Outofstock,46
Panjabi,Embroidered Cotton Panjabi - 44,106-0101-090,0.0,1080.0,Outofstock,44
Panjabi,Embroidered Cotton Panjabi - 42,106-0101-090,0.0,1080.0,Outofstock,42
Panjabi,Embroidered Cotton Panjabi - 40,106-0101-090,0.0,1080.0,Outofstock,40
Panjabi,Embroidered Cotton Panjabi - 46,106-0101-091,0.0,1512.0,Outofstock,46
Panjabi,Embroidered Cotton Panjabi - 44,106-0101-091,0.0,1512.0,Outofstock,44
Panjabi,Embroidered Cotton Panjabi - 42,106-0101-091,0.0,1512.0,Outofstock,42
Panjabi,Embroidered Cotton Panjabi - 40,106-0101-091,0.0,1512.0,Outofstock,40
Panjabi,Embroidered Cotton Panjabi - 46,106-0101-089,0.0,1372.0,Outofstock,46
Panjabi,Embroidered Cotton Panjabi - 44,106-0101-089,0.0,1372.0,Outofstock,44
Panjabi,Embroidered Cotton Panjabi - 42,106-0101-089,0.0,1372.0,Outofstock,42
Panjabi,Embroidered Cotton Panjabi - 40,106-0101-089,0.0,1372.0,Outofstock,40
Panjabi,Embroidered Cotton Panjabi - 44,106-0101-084,0.0,1302.0,Outofstock,44
Panjabi,Embroidered Cotton Panjabi - 42,106-0101-084,0.0,1302.0,Outofstock,42
Panjabi,Embroidered Cotton Panjabi - 46,106-0101-084,0.0,1302.0,Outofstock,46
Panjabi,Embroidered Cotton Panjabi - 40,106-0101-084,0.0,1302.0,Outofstock,40
Jeans,Acid Wash Blue Jeans - Regular Fit - 38,101-0200-145,0.0,845.0,Outofstock,38
Jeans,Acid Wash Blue Jeans - Regular Fit - 36,101-0200-145,0.0,845.0,Outofstock,36
Jeans,Acid Wash Blue Jeans - Regular Fit - 34,101-0200-145,0.0,845.0,Outofstock,34
Jeans,Acid Wash Blue Jeans - Regular Fit - 32,101-0200-145,0.0,845.0,Outofstock,32
Jeans,Acid Wash Blue Jeans - Regular Fit - 30,101-0200-145,0.0,845.0,Outofstock,30
Jeans,Acid Wash Blue Jeans - Regular Fit - 28,101-0200-145,0.0,845.0,Outofstock,28
Panjabi,Embroidered Cotton Panjabi - 46,106-0101-087,0.0,1764.0,Outofstock,46
Panjabi,Embroidered Cotton Panjabi - 44,106-0101-087,0.0,1764.0,Outofstock,44
Panjabi,Embroidered Cotton Panjabi - 42,106-0101-087,0.0,1764.0,Outofstock,42
Panjabi,Embroidered Cotton Panjabi - 40,106-0101-087,0.0,1764.0,Outofstock,40
Jeans,Light Wash Blue Jeans - Regular Fit - 38,101-0200-143,0.0,845.0,Outofstock,38
Jeans,Light Wash Blue Jeans - Regular Fit - 36,101-0200-143,0.0,845.0,Outofstock,36
Jeans,Light Wash Blue Jeans - Regular Fit - 34,101-0200-143,0.0,845.0,Outofstock,34
Jeans,Light Wash Blue Jeans - Regular Fit - 32,101-0200-143,-1.0,845.0,Outofstock,32
Jeans,Light Wash Blue Jeans - Regular Fit - 30,101-0200-143,34.0,845.0,Instock,30
Jeans,Light Wash Blue Jeans - Regular Fit - 28,101-0200-143,33.0,845.0,Instock,28
Panjabi,Embroidered Cotton Panjabi - 44,106-0101-068,0.0,1888.0,Outofstock,44
Panjabi,Embroidered Cotton Panjabi - 42,106-0101-068,0.0,1888.0,Outofstock,42
Panjabi,Embroidered Cotton Panjabi - 40,106-0101-068,0.0,1888.0,Outofstock,40
Panjabi,Embroidered Cotton Panjabi - 44,106-0101-044,0.0,1099.0,Outofstock,44
Panjabi,Embroidered Cotton Panjabi - 42,106-0101-044,0.0,1099.0,Outofstock,42
Panjabi,Embroidered Cotton Panjabi - 40,106-0101-044,0.0,1099.0,Outofstock,40
Panjabi,Embroidered Cotton Panjabi - 44,106-0101-047,0.0,1678.6,Outofstock,44
Panjabi,Embroidered Cotton Panjabi - 42,106-0101-047,0.0,1678.6,Outofstock,42
Panjabi,Embroidered Cotton Panjabi - 40,106-0101-047,0.0,1678.6,Outofstock,40
Panjabi,Embroidered Cotton Panjabi - 44,106-0101-050,0.0,1199.0,Outofstock,44
Panjabi,Embroidered Cotton Panjabi - 42,106-0101-050,0.0,1199.0,Outofstock,42
Panjabi,Embroidered Cotton Panjabi - 40,106-0101-050,0.0,1199.0,Outofstock,40
Jeans,Black Faded Jeans - Slim Fit - 38,101-0100-135,0.0,845.0,Outofstock,38
Jeans,Black Faded Jeans - Slim Fit - 36,101-0100-135,0.0,845.0,Outofstock,36
Jeans,Black Faded Jeans - Slim Fit - 34,101-0100-135,0.0,845.0,Outofstock,34
Jeans,Black Faded Jeans - Slim Fit - 32,101-0100-135,0.0,845.0,Outofstock,32
Jeans,Black Faded Jeans - Slim Fit - 30,101-0100-135,0.0,845.0,Outofstock,30
Jeans,Black Faded Jeans - Slim Fit - 28,101-0100-135,29.0,845.0,Instock,28
Polo Shirt,Malibu Polo Shirt in Cotton Pique - 3XL,103-0200-100,0.0,399.0,Outofstock,3XL
Polo Shirt,Malibu Polo Shirt in Cotton Pique - 2XL,103-0200-100,0.0,399.0,Outofstock,2XL
Polo Shirt,Malibu Polo Shirt in Cotton Pique - XL,103-0200-100,0.0,399.0,Outofstock,XL
Polo Shirt,Malibu Polo Shirt in Cotton Pique - L,103-0200-100,0.0,399.0,Outofstock,L
Polo Shirt,Malibu Polo Shirt in Cotton Pique - M,103-0200-100,0.0,399.0,Outofstock,M
Jeans,Dark Blue Jeans - Slim Fit - 38,101-0100-133,0.0,895.0,Outofstock,38
Jeans,Dark Blue Jeans - Slim Fit - 36,101-0100-133,0.0,895.0,Outofstock,36
Jeans,Dark Blue Jeans - Slim Fit - 34,101-0100-133,0.0,895.0,Outofstock,34
Jeans,Dark Blue Jeans - Slim Fit - 32,101-0100-133,0.0,895.0,Outofstock,32
Jeans,Dark Blue Jeans - Slim Fit - 30,101-0100-133,0.0,895.0,Outofstock,30
Jeans,Dark Blue Jeans - Slim Fit - 28,101-0100-133,15.0,895.0,Instock,28
Jeans,Black Faded Jeans - Slim Fit - 38,101-0100-131,0.0,845.0,Outofstock,38
Jeans,Black Faded Jeans - Slim Fit - 36,101-0100-131,0.0,845.0,Outofstock,36
Jeans,Black Faded Jeans - Slim Fit - 34,101-0100-131,0.0,845.0,Outofstock,34
Jeans,Black Faded Jeans - Slim Fit - 32,101-0100-131,0.0,845.0,Outofstock,32
Jeans,Black Faded Jeans - Slim Fit - 30,101-0100-131,0.0,845.0,Outofstock,30
Jeans,Black Faded Jeans - Slim Fit - 28,101-0100-131,23.0,845.0,Instock,28
Sweatshirt,Maroon Sweatshirt in Cotton-Terry - 3XL,108-0101-003,0.0,549.5,Outofstock,3XL
Sweatshirt,Maroon Sweatshirt in Cotton-Terry - 2XL,108-0101-003,0.0,549.5,Outofstock,2XL
Sweatshirt,Maroon Sweatshirt in Cotton-Terry - XL,108-0101-003,0.0,549.5,Outofstock,XL
Sweatshirt,Maroon Sweatshirt in Cotton-Terry - L,108-0101-003,0.0,549.5,Outofstock,L
Sweatshirt,Maroon Sweatshirt in Cotton-Terry - M,108-0101-003,0.0,549.5,Outofstock,M
Jeans,Black Faded Jeans - Slim Fit - 28,101-0100-124,0.0,1590.0,Outofstock,28
Jeans,Black Faded Jeans - Slim Fit - 38,101-0100-124,0.0,1590.0,Outofstock,38
Jeans,Black Faded Jeans - Slim Fit - 36,101-0100-124,0.0,1590.0,Outofstock,36
Jeans,Black Faded Jeans - Slim Fit - 34,101-0100-124,0.0,1590.0,Outofstock,34
Jeans,Black Faded Jeans - Slim Fit - 32,101-0100-124,0.0,1590.0,Outofstock,32
Jeans,Black Faded Jeans - Slim Fit - 30,101-0100-124,0.0,1590.0,Outofstock,30
